"Metric","Value"
"Accuracy",0.646153846153846
"Sensitivity",0.573770491803279
"Specificity",0.710144927536232
"Precision",0.636363636363636
"F1",0.603448275862069
